relative_path,bytes,sha256
index.html,739,b6093d23e64f19ffab8941486a73b4bb1cf7751e3628b57f865a0b5b071d7a0c
licenses/CC0-1.0-legalcode.txt,7048,a2010f343487d3f7618affe54f789f5487602331c0a8d03f49e9a7c547cf0499
licenses/index.html,1141,1215b672741f4aa2e850399b22d23a689fdb71545e1c8873e0a736be60c29388
licenses/MathJax-3.1.2-LICENSE.txt,11358,cfc7749b96f63bd31c3c42b5c471bf756814053e847c10f3eb003417bc523d30
MathJax/input/tex/extensions/boldsymbol.js,4709,716cf8735d00abfb1627f8adbbf4aeb915ac9b5c55d47aeaf276e73dac6a2aa1
MathJax/tex-svg.js,1704911,dba9c7e8646389650c445e0547023942bed229b3fdb9513b1c6c01237af0b81a
random/Basic.js,935,006372877a2b384e20c3e1a364ddde4791890ad02020f654c22372206891b00b
random/icons/DieBlue5.svg,396,10a43a1d654a084d696913ead5d746d85bd6fec19e5f9e61db0b44a72ad4d27e
random/icons/DieGreen5.svg,375,a7b7c27d57699c441ffbfd1748ef3feb946418b7e8fd862a5f6e151f0981a374
random/icons/DieRed5.svg,395,f2c0603e9ebc5e0c971811cdfccb790c6e8bb9742757929024fd078031587358
random/icons/Icon.svg,373,09ccb2c9f9c50cd4d7a1c867fa112534afa56a12ef0f8a96a0d682ec6b8a9d8b
random/icons/Minus.svg,223,a55a72ce346d0fe73318fecfa994c7fda8766694a448c3b968122df7a916d7fc
random/icons/Plus.svg,291,1bd78cdc7997d6237bc809cef5f36e074c551ec3224b226c38735be898bc439a
random/icons/Reset.svg,297,1aad695720b25d02c03cc76f686e8d58ccbcaf424b19dfc57b58008802583292
random/icons/Run.svg,177,75d0cdf139f0d01390440c9f655a8183c95d2da709ec67e39e9fc8863192795d
random/icons/Step.svg,123,2fd15de2c1c6c7344adb513b3f1a47319749c7b3bda3251da0f49aa334bf7c05
random/icons/Stop.svg,131,54bf3c5fd23ccf5dd602750aaf09c42ca6d4b1b10b8333e54bc580580f06686e
random/point/Bayes.html,56631,c9adf585c3b1b08d635c7b7420350be6e2d08a2b8fd13b9d0f812b790c3b403b
random/point/Estimators.html,44078,5824377bf9520b01cebe4162c6911bce913d1d233e950e5f8bbd0cdbfe6f6956
random/point/index.html,11137,7e24bd1c6d46583529f159b17b868df2f8a873f72df819726cd536251d48cebb
random/point/Likelihood.html,58119,0ce65a668819cd43d9b8391a911c6600ca4c2227117441078fffd4c72b398d13
random/point/Moments.html,57237,e961188a1410c2ed23ac22efe0dd39d4284706dc571d9fe4126a591ff01afe12
random/point/Sufficient.html,60930,6dd895c08456da30a3a8a2aace5528a7ef32be5b6ad33c064af71fb5065250f6
random/point/Unbiased.html,31784,3bbe9f00642b1095c120fc940b5aa6c026a62a8c757edc81f0fc334b9b6b86ba
random/sample/BoxPlot.png,790,7bcb3be4ffad0fc64d06cc5bc4fb14122ab3b117f31f0713988b0188fb8062f1
random/sample/CLT.html,46158,a14208c4431c5791e16a89eab6c5ffa6c4d3e5067dfc2a37bab4942a4a32c54a
random/sample/ContinuousDistribution.png,1272,273418cb67c56115e2573f47fbd59cbd22aa64cc6768952d6f518edd9d6d3da5
random/sample/Covariance.html,80832,4e6fcf5c80bbe47c86d5c691b664d6cdf8166433475dc76e9749a04b57dbdf3c
random/sample/DiscreteDistribution.png,1323,2d9495bbb2a610ea534e31549679dd76375a3c55fb52c057a27f4c4dcdf4a620
random/sample/DotPlot.png,2964,837553335dfca3d70cf094db1850ca31cfbe5a290fc4fc0f7506627baba9153b
random/sample/EmpiricalPDF.png,1526,c866a068848217ecd427afbe710ce62487950369316d6e071164d86fdb917898
random/sample/Histogram.png,4239,17bbf2b59e4b0902a84e8ea66f1b40a0343ddff578359ce842c60f109ea047ae
random/sample/index.html,11573,9b0efeae9ab7df2e5f5f5e18448fe00a8a6b387e5cc84d9f0970f1cd23756b54
random/sample/Introduction.html,36248,2b2bf3606433b0759fd172c68a44c9bb92a10b5b428fc5baa1a7edf0968a6d76
random/sample/LinearPredictor.png,8403,eb0cb55795d2a48852107a6f6c331ec2f87fabdfb226d8d5b16888761d6b8afe
random/sample/LLN.html,34798,0cdc62ab382ed056df3d779a69fcda2aca37e9a07f53d306df93708d39130b82
random/sample/Mean.html,45916,bee0af18dda05972b15fa32129aa4fdf8754b7a9ed6f5048f18c35b5f513ab7a
random/sample/Normal.html,38885,8a799fcf11df71a1c0dfc681915d7cd6b199247a2d458c5e69c4f428577aa0c4
random/sample/OrderStatistics.html,68841,c0ae4f4dcdab4171a796db364f454d8d4bd0b1b525ea825681a6cc81bb6c5dcc
random/sample/SampleLinearPredictor.png,6324,e6548fd85a97649ad87a8efff010ef2c07d7e16b70c3c81f717581097fd4052c
random/sample/SampleRegression.png,12152,15782d5d41f81e3be7b4539c6a565dc721086720a3e46fc707e124bd539b8671
random/sample/SampleRegressionMean.png,13129,6e0a8943af7ddef57c4b87b8a9b3f80205f6be8dbf951854af2cd5a3b37c2a24
random/sample/ScatterPlot.png,11182,d546fefb4e505f5df089bd15fef57fcd032997c8b1f76b2b47d6fbb7c0fde9ca
random/sample/ScatterPlotMeans.png,18766,d798b203ee1826ab3a1068c22c8d15a61feab442f369de8456dea0b7a134b468
random/sample/Variance.html,59540,8fe6580df746676dff827cd57b4507941d2c2046c5a417bb4b1b722554910ac4
random/Screen.css,6420,b8af913a9be5c7e0313653afc6eae3121f3850fd72535cdab9e36f03279fcc34
