relative_path,role,url,bytes,sha256,content_type,last_modified,etag
MathJax/tex-svg.js,asset,https://www.randomservices.org/MathJax/tex-svg.js,1704911,dba9c7e8646389650c445e0547023942bed229b3fdb9513b1c6c01237af0b81a,application/x-javascript,"Fri, 13 Mar 2026 16:51:33 GMT","""1a03cf-69b44095-d1c9dbbc04e43965;;;"""
random/Basic.js,asset,https://www.randomservices.org/random/Basic.js,935,006372877a2b384e20c3e1a364ddde4791890ad02020f654c22372206891b00b,application/x-javascript,"Fri, 13 Mar 2026 16:27:20 GMT","""3a7-69b43ae8-72b07f6b8ff60c95;;;"""
random/Credits.html,authority,https://www.randomservices.org/random/Credits.html,6467,2d28d0293b41b71d08a531d37399205f657fbed77592c8f7acd54bf2a54113bf,text/html,"Fri, 13 Mar 2026 20:03:52 GMT","""1943-69b46da8-7813466702ad358;;;"""
random/Introduction.html,authority,https://www.randomservices.org/random/Introduction.html,6699,baee5201aa363ac5658454213463eb6271bea64dd5821adf9a0ce07dca3446eb,text/html,"Fri, 13 Mar 2026 16:27:20 GMT","""1a2b-69b43ae8-f289059165899bb;;;"""
random/Screen.css,asset,https://www.randomservices.org/random/Screen.css,5433,589035811781debb33e3aa90ca0f376532b8ade30d54fad5c56838bec5c8d707,text/css,"Fri, 13 Mar 2026 16:27:20 GMT","""1539-69b43ae8-f959d9a730bcc355;;;"""
random/TableSort.js,asset,https://www.randomservices.org/random/TableSort.js,735,f6621f363656499da848eab932efdb4d62b6674517c0c1d1e700342c2a97bcf9,application/x-javascript,"Fri, 13 Mar 2026 16:27:20 GMT","""2df-69b43ae8-12e0f65ad715906a;;;"""
random/apps/Apps.js,asset,https://www.randomservices.org/random/apps/Apps.js,48270,a983fd231b3e5924ca46a80ef25ad614d84c70f5da933f90c698bd342ddf9d22,application/x-javascript,"Fri, 13 Mar 2026 16:28:38 GMT","""bc8e-69b43b36-316e0d2d46bb0303;;;"""
random/apps/Bertrand.html,ancillary,https://www.randomservices.org/random/apps/Bertrand.html,4769,6a8d38650e0156f6155b6236028f1ad3cac2de89c9108aa5977bcdfbba39c7a1,text/html,"Fri, 13 Mar 2026 16:28:39 GMT","""12a1-69b43b37-2a745d33e273b597;;;"""
random/apps/BetaCoin.html,ancillary,https://www.randomservices.org/random/apps/BetaCoin.html,5601,685f5d03ac14aa4bb3bc518e4b8b3a5bbeb73592434f31b069a92abd7567f3ef,text/html,"Fri, 13 Mar 2026 16:28:37 GMT","""15e1-69b43b35-100625e100849b8c;;;"""
random/apps/BetaEstimate.html,ancillary,https://www.randomservices.org/random/apps/BetaEstimate.html,8133,9de8e3f017306ed3155783a026f8e312324b5bcf8518708fa508c40a88e4c5d3,text/html,"Fri, 13 Mar 2026 16:28:38 GMT","""1fc5-69b43b36-914f36bd92870ba9;;;"""
random/apps/BinomialCoin.html,ancillary,https://www.randomservices.org/random/apps/BinomialCoin.html,3886,c3bd37e3f5ed8e0d09cb757a797fd5535732c406fb9d348b967769932c760648,text/html,"Fri, 13 Mar 2026 16:28:37 GMT","""f2e-69b43b35-c453decf2f077b17;;;"""
random/apps/BinomialTimeline.html,ancillary,https://www.randomservices.org/random/apps/BinomialTimeline.html,4253,d89c8d165e38b6edc9fda61a447285b175f6b419e0ba6ec6f4d64844fea3ee5a,text/html,"Fri, 13 Mar 2026 16:28:38 GMT","""109d-69b43b36-49f190b4ade07a9;;;"""
random/apps/BivariateNormal.html,ancillary,https://www.randomservices.org/random/apps/BivariateNormal.html,6967,0ae02b82587986bec8568bd8df8acdb8f1936037ffec5b20b1fb97b9b2fc40ad,text/html,"Fri, 13 Mar 2026 16:28:37 GMT","""1b37-69b43b35-40cad2868c6a0b6;;;"""
random/apps/BivariateUniform.html,ancillary,https://www.randomservices.org/random/apps/BivariateUniform.html,7006,a6590b9bb5f2a19341b8ec661839d185ffa88d210d03cb9dae2ca61dccde3983,text/html,"Fri, 13 Mar 2026 16:28:38 GMT","""1b5e-69b43b36-3d52f21f26ab2e76;;;"""
random/apps/BuffonCoin.html,ancillary,https://www.randomservices.org/random/apps/BuffonCoin.html,4169,039289e7e9efb04da6c4f88b4497d62189a84f7c1deab0f2c31acd7680b65eea,text/html,"Fri, 13 Mar 2026 16:28:38 GMT","""1049-69b43b36-f077ed44a8dd056f;;;"""
random/apps/Cards/Back.svg,asset,https://www.randomservices.org/random/apps/Cards/Back.svg,482,df319370115c622d803ad1968bd78c8ea916ad89d4086ab0494f4fc5420c2f57,image/svg+xml,"Fri, 13 Mar 2026 16:28:39 GMT","""1e2-69b43b37-6f7f0219fd806050;;;"""
random/apps/Dice.html,ancillary,https://www.randomservices.org/random/apps/Dice.html,6382,ff2cb2f994a6c360cbda44bfda9d427a42a144dbae04c4af4bcee9d7613ac292,text/html,"Fri, 13 Mar 2026 16:28:39 GMT","""18ee-69b43b37-ac9a41b702a51709;;;"""
random/apps/DiceFit.html,ancillary,https://www.randomservices.org/random/apps/DiceFit.html,9228,1d264721d4e443546c0ec1986f8488fbfe5f37991cc8f430f9dead748e2df043,text/html,"Fri, 13 Mar 2026 16:28:38 GMT","""240c-69b43b36-fc937870b89f2e54;;;"""
random/apps/Distributions.js,asset,https://www.randomservices.org/random/apps/Distributions.js,65319,bcf0e7266ff22890e23e577bdb37328233c1df9410ac2dc77a4075f0a3beeb0a,application/x-javascript,"Fri, 13 Mar 2026 16:28:38 GMT","""ff27-69b43b36-46e91f90f73dcda5;;;"""
random/apps/ErrorFunction.html,ancillary,https://www.randomservices.org/random/apps/ErrorFunction.html,5946,a5706b7ccccc2ddfeb89c2f236b2225c8de36d81a27d5a348585268db1300412,text/html,"Fri, 13 Mar 2026 16:28:39 GMT","""173a-69b43b37-8a4e5d7a454a2a8e;;;"""
random/apps/Gamma.html,ancillary,https://www.randomservices.org/random/apps/Gamma.html,3374,d0906371ed2691761a539755085128b91535d25d26b5fa1c8206501db2075c82,text/html,"Fri, 13 Mar 2026 16:28:39 GMT","""d2e-69b43b37-c46e2c8a177c980d;;;"""
random/apps/GammaEstimate.html,ancillary,https://www.randomservices.org/random/apps/GammaEstimate.html,7401,aa76e20ed23f6d40aba45cabf81ee7a59abe87fff7a574130f80cf59d89e0fe2,text/html,"Fri, 13 Mar 2026 16:28:39 GMT","""1ce9-69b43b37-5e94c692236c505b;;;"""
random/apps/Histogram.html,ancillary,https://www.randomservices.org/random/apps/Histogram.html,3136,6ba0f3bc72806afe0a1cebb13c7743221b28f3d90331b213386e7e3d9a54262f,text/html,"Fri, 13 Mar 2026 16:28:38 GMT","""c40-69b43b36-eedcaa671071cd6a;;;"""
random/apps/Match.html,ancillary,https://www.randomservices.org/random/apps/Match.html,3165,3f3df060d0b7c3de668bf209940352c83c7a4032deb0e877ed8aab3b667f6427,text/html,"Fri, 13 Mar 2026 16:28:39 GMT","""c5d-69b43b37-a4bc67497af06832;;;"""
random/apps/MeanEstimate.html,ancillary,https://www.randomservices.org/random/apps/MeanEstimate.html,12307,2f3c185ff163a41df3407146545e7e8649d839fb3ead59f0815644d1008ba8ad,text/html,"Fri, 13 Mar 2026 16:28:37 GMT","""3013-69b43b35-c43bc4dbc0ffc072;;;"""
random/apps/MeanTest.html,ancillary,https://www.randomservices.org/random/apps/MeanTest.html,12377,a5d415fe0e483af1a4ba706bbbf0907a182a7df8a939750683bd9e110cd51f9b,text/html,"Fri, 13 Mar 2026 16:28:39 GMT","""3059-69b43b37-d266211c72f14e67;;;"""
random/apps/NegativeBinomial.html,ancillary,https://www.randomservices.org/random/apps/NegativeBinomial.html,4108,7fd7e3df32caad334a6302cb00c9cab92a5e4c251574011265a894044b8b5a07,text/html,"Fri, 13 Mar 2026 16:28:37 GMT","""100c-69b43b35-abc28bd520ecae03;;;"""
random/apps/NormalEstimate.html,ancillary,https://www.randomservices.org/random/apps/NormalEstimate.html,8375,185eadf4f22fa70541a8549998bff96bdf93d07c025ac2f41b2a1e8241fb0bfb,text/html,"Fri, 13 Mar 2026 16:28:38 GMT","""20b7-69b43b36-abda4588bffdb04a;;;"""
random/apps/OrderStatistic.html,ancillary,https://www.randomservices.org/random/apps/OrderStatistic.html,5216,09b334e6ecbd9b9a1ddef560d9c32a246bb3d76c241511d106c18fbec84dce52,text/html,"Fri, 13 Mar 2026 16:28:38 GMT","""1460-69b43b36-a246aec5a633b6e9;;;"""
random/apps/ParetoEstimate.html,ancillary,https://www.randomservices.org/random/apps/ParetoEstimate.html,7500,9214e83cf2c7023d64818b5954c0d525862e45cde492f8601a2be1b3b589d4fd,text/html,"Fri, 13 Mar 2026 16:28:37 GMT","""1d4c-69b43b35-71de70cf5d629065;;;"""
random/apps/Poisson.html,ancillary,https://www.randomservices.org/random/apps/Poisson.html,3572,16a6ed40541ef7a798cbf108ca17276ae445b37c7c93391453a6e6716aa9288a,text/html,"Fri, 13 Mar 2026 16:28:38 GMT","""df4-69b43b36-4def94bf8e8d71cb;;;"""
random/apps/Poker.html,ancillary,https://www.randomservices.org/random/apps/Poker.html,4745,79c109d2a9a050d7128cdca28dc3f5866c47a9a2eba089f6b08b6eb07f5390b8,text/html,"Fri, 13 Mar 2026 16:28:37 GMT","""1289-69b43b35-21d0e2810eb18f08;;;"""
random/apps/ProbabilityPlot.html,ancillary,https://www.randomservices.org/random/apps/ProbabilityPlot.html,9133,e7c8726a2ce22380c8bfa71e706da99c8d691cdcf6bd7e4d46a5a4dc635a19c0,text/html,"Fri, 13 Mar 2026 16:28:39 GMT","""23ad-69b43b37-4305c97789a6b821;;;"""
random/apps/ProportionEstimate.html,ancillary,https://www.randomservices.org/random/apps/ProportionEstimate.html,10469,c47111d081cf0969f4167ed021ec2bac26a470e7b7100776e72fa46be5691267,text/html,"Fri, 13 Mar 2026 16:28:38 GMT","""28e5-69b43b36-38b13ff1d92a6fc2;;;"""
random/apps/ProportionTest.html,ancillary,https://www.randomservices.org/random/apps/ProportionTest.html,10107,6dfa2d066b6972c00bb5fe9950cb68ad8df3c69bcb19c34b3a2a7f48f859457c,text/html,"Fri, 13 Mar 2026 16:28:37 GMT","""277b-69b43b35-7c6f0e55ebb5e14d;;;"""
random/apps/QuantileApp.html,ancillary,https://www.randomservices.org/random/apps/QuantileApp.html,29147,0c1733ac7ddd6ed99d7f770a6b457b5aa5af02e4379428be78eec792ee71e651,text/html,"Fri, 13 Mar 2026 16:28:37 GMT","""71db-69b43b35-6debfb0c5597904f;;;"""
random/apps/SampleMean.html,ancillary,https://www.randomservices.org/random/apps/SampleMean.html,7801,1e20a667fdda302a0e412b7697c0aa19a573062a6ac5cc932cbbbc5510069231,text/html,"Fri, 13 Mar 2026 16:28:39 GMT","""1e79-69b43b37-54a7e7cd4ad1c181;;;"""
random/apps/Scatterplot.html,ancillary,https://www.randomservices.org/random/apps/Scatterplot.html,6814,c1e458b5dc9c9091659c6c76c9edb1d8cc64887454d2c112cb0407840a90c259,text/html,"Fri, 13 Mar 2026 16:28:38 GMT","""1a9e-69b43b36-de835942cfa99e19;;;"""
random/apps/SignTest.html,ancillary,https://www.randomservices.org/random/apps/SignTest.html,10633,08ee9a7dd5baaa7b7b6923b0c76fc57d7002a1e10199532ab098d6356586703a,text/html,"Fri, 13 Mar 2026 16:28:37 GMT","""2989-69b43b35-b7d592f2b160deca;;;"""
random/apps/SpecialSimulator.html,ancillary,https://www.randomservices.org/random/apps/SpecialSimulator.html,22962,2675a9787458f6eaef607cabc3972bba2573931f0a31db83a534650846eb456a,text/html,"Fri, 13 Mar 2026 16:28:39 GMT","""59b2-69b43b37-96321565615ed604;;;"""
random/apps/UniformEstimate.html,ancillary,https://www.randomservices.org/random/apps/UniformEstimate.html,6503,f9701539cc396678e5862933012f6b0f19348f969479799b162e956e5f0f9a8d,text/html,"Fri, 13 Mar 2026 16:28:37 GMT","""1967-69b43b35-cd2b646f5df3eba6;;;"""
random/apps/VarianceEstimate.html,ancillary,https://www.randomservices.org/random/apps/VarianceEstimate.html,12245,9b7c775ea01655a7c21b3bc28cf8c8b0bdfa13d5a8aedae6ad66135497cfa8e8,text/html,"Fri, 13 Mar 2026 16:28:38 GMT","""2fd5-69b43b36-7db7f11e4d903cfc;;;"""
random/apps/index.html,ancillary,https://www.randomservices.org/random/apps/index.html,9487,13b5aef5471672d3afcb56545703d49165223c8f09fa0569a552c40e9571ca3c,text/html,"Fri, 13 Mar 2026 16:28:38 GMT","""250f-69b43b36-cc4a371e968fff7a;;;"""
random/biographies/Bayes.html,ancillary,https://www.randomservices.org/random/biographies/Bayes.html,2615,55e5de588bdd59076463eebbcd81cdf5fc06a17d176e08a44c0548f58e0fd078,text/html,"Fri, 13 Mar 2026 16:30:29 GMT","""a37-69b43ba5-b695f301d7e50cf0;;;"""
random/biographies/Bayes.png,asset,https://www.randomservices.org/random/biographies/Bayes.png,7426,0174cd3e3763bd39ddc02c4827d3a07c6287729d3e32a0d40b9e7cea8d57625e,image/png,"Fri, 13 Mar 2026 16:30:28 GMT","""1d02-69b43ba4-c8fa067ac397906;;;"""
random/biographies/Bernoulli.html,ancillary,https://www.randomservices.org/random/biographies/Bernoulli.html,2541,7c5a9c5814d1a5d251f4988e7fcc9348573fc850985880d42761f5487bfacd29,text/html,"Fri, 13 Mar 2026 16:30:31 GMT","""9ed-69b43ba7-822230cd60e3f71b;;;"""
random/biographies/Bernoulli.png,asset,https://www.randomservices.org/random/biographies/Bernoulli.png,5833,03feeb0a6ae1763673c5310ce72e0f88a1fcac81e162c51ec4530a76890abfc4,image/png,"Fri, 13 Mar 2026 16:30:28 GMT","""16c9-69b43ba4-69e4dd0c7d4d064b;;;"""
random/biographies/Blackwell.html,ancillary,https://www.randomservices.org/random/biographies/Blackwell.html,1453,7dfb0591ca3f1d95a6cf53996d5eb75250b4ca6c00a299a51b64d2dbdba3eef2,text/html,"Fri, 13 Mar 2026 16:30:32 GMT","""5ad-69b43ba8-45cc0cd95b227ed1;;;"""
random/biographies/Cavendish.html,ancillary,https://www.randomservices.org/random/biographies/Cavendish.html,1645,67912033acc6bb9d57ad10eb83246de90e780c0319227cdae416f85e964ae0be,text/html,"Fri, 13 Mar 2026 16:30:29 GMT","""66d-69b43ba5-f3e87eb7e2d57ce2;;;"""
random/biographies/Cavendish.png,asset,https://www.randomservices.org/random/biographies/Cavendish.png,23840,122eb990747e643f79b7195a5732018668286b4338d61a4cb9e59721620526c1,image/png,"Fri, 13 Mar 2026 16:30:29 GMT","""5d20-69b43ba5-4ad17ef3006bf366;;;"""
random/biographies/Clemens.html,ancillary,https://www.randomservices.org/random/biographies/Clemens.html,2934,fa1b04ccd7a4a80b12df230ff0a4b8e025874df4fe33992847fa1fd0021d069e,text/html,"Fri, 13 Mar 2026 16:30:28 GMT","""b76-69b43ba4-37b6d5bea4ecb0ff;;;"""
random/biographies/Clemens.png,asset,https://www.randomservices.org/random/biographies/Clemens.png,6686,11460b0234129adc9c13728b65d5a8816ab767b6b5514ea923ade304725c2a1a,image/png,"Fri, 13 Mar 2026 16:30:31 GMT","""1a1e-69b43ba7-336567622a36602a;;;"""
random/biographies/Cramer.html,ancillary,https://www.randomservices.org/random/biographies/Cramer.html,1926,ae5277f8b9905213e96f7f2dab253eb33592c4847ad145a44ba90f090d40f419,text/html,"Fri, 13 Mar 2026 16:30:32 GMT","""786-69b43ba8-86808ff037450311;;;"""
random/biographies/DeMoivre.html,ancillary,https://www.randomservices.org/random/biographies/DeMoivre.html,2501,fa6343f653792cd1a6748f126fc51208d574778bb47d309dfbc07921a834cd6c,text/html,"Fri, 13 Mar 2026 16:30:31 GMT","""9c5-69b43ba7-6518e8f130e09ba0;;;"""
random/biographies/DeMoivre.png,asset,https://www.randomservices.org/random/biographies/DeMoivre.png,7803,e3d035b56adc5a3a588d4f0dd322443f984f50f5bc0501dbce9c7f59dfa76b44,image/png,"Fri, 13 Mar 2026 16:30:31 GMT","""1e7b-69b43ba7-340c6de9ac156df7;;;"""
random/biographies/Doyle.html,ancillary,https://www.randomservices.org/random/biographies/Doyle.html,1879,4b448b5f9e53391c04b76a059adcbb1e618d77b1a48edd899768cd8a9d1bc343,text/html,"Fri, 13 Mar 2026 16:30:32 GMT","""757-69b43ba8-d3b242045e24914e;;;"""
random/biographies/Doyle.png,asset,https://www.randomservices.org/random/biographies/Doyle.png,5830,ea6e9a452a5e13716af12df44d33850b2d67c54294575d6934237a4720b90ceb,image/png,"Fri, 13 Mar 2026 16:30:30 GMT","""16c6-69b43ba6-1363c0810ccae0b2;;;"""
random/biographies/Erlang.html,ancillary,https://www.randomservices.org/random/biographies/Erlang.html,1926,bcefdefb6be1ce5ffcfe30f6c21a550b42b99538b356a3e62ade4b93ec8ee25d,text/html,"Fri, 13 Mar 2026 16:30:29 GMT","""786-69b43ba5-d1e0d0679780cddf;;;"""
random/biographies/Erlang.png,asset,https://www.randomservices.org/random/biographies/Erlang.png,9583,fac15d18d6b429a18583763ea300bcb65c366bf9027c4caf410e4bcc5e6aa979,image/png,"Fri, 13 Mar 2026 16:30:28 GMT","""256f-69b43ba4-3477341f1ec3e634;;;"""
random/biographies/Fisher.html,ancillary,https://www.randomservices.org/random/biographies/Fisher.html,2331,4bdae0bec778e4f77152a2adf81884f2a58f60aedbbf27563886878320fe5cc3,text/html,"Fri, 13 Mar 2026 16:30:30 GMT","""91b-69b43ba6-c3204f40f9e0925d;;;"""
random/biographies/Fisher.png,asset,https://www.randomservices.org/random/biographies/Fisher.png,10651,9a027fb08028fb0804584ee45028b8ef341c8718d11f5efbd731be9f93c1f205,image/png,"Fri, 13 Mar 2026 16:30:28 GMT","""299b-69b43ba4-73ad337aee38a7dc;;;"""
random/biographies/Hutchins.html,ancillary,https://www.randomservices.org/random/biographies/Hutchins.html,4159,a2e1556186d7297432e12727a01a7916161e6f78c90b9df7947b46026cec2846,text/html,"Fri, 13 Mar 2026 16:30:28 GMT","""103f-69b43ba4-76bd14737ea27ec4;;;"""
random/biographies/Hutchins.png,asset,https://www.randomservices.org/random/biographies/Hutchins.png,12216,133043c045d14ff9c19e2197f36a31c153f2096618969e1333650880f54bf497,image/png,"Fri, 13 Mar 2026 16:30:30 GMT","""2fb8-69b43ba6-f1b05e0616874dfb;;;"""
random/biographies/James.html,ancillary,https://www.randomservices.org/random/biographies/James.html,2032,5b002a9bddc29ca44c70fe4a4f162b56f31ab73d77e9d3f436f76f3f2ee8edf2,text/html,"Fri, 13 Mar 2026 16:30:29 GMT","""7f0-69b43ba5-ee998958f5009f98;;;"""
random/biographies/James.png,asset,https://www.randomservices.org/random/biographies/James.png,5902,16cc1fd69dde8c9f6584796fbbcedd77f64984d835b19bffca9cd67266be09e2,image/png,"Fri, 13 Mar 2026 16:30:28 GMT","""170e-69b43ba4-49806dc2f2efee3;;;"""
random/biographies/Lagrange.html,ancillary,https://www.randomservices.org/random/biographies/Lagrange.html,2513,a0d36c394801a809314a3e3773525e0b0b17bb6b1a4a05c60eef8da3f64db7e9,text/html,"Fri, 13 Mar 2026 16:30:30 GMT","""9d1-69b43ba6-1475750404e05e51;;;"""
random/biographies/Lagrange.png,asset,https://www.randomservices.org/random/biographies/Lagrange.png,22002,891181780b68aba044e6ea7f5862fd87d467035eb63670f5f2ec2a91458c7b53,image/png,"Fri, 13 Mar 2026 16:30:31 GMT","""55f2-69b43ba7-ceedae188c2c8772;;;"""
random/biographies/Michelson.html,ancillary,https://www.randomservices.org/random/biographies/Michelson.html,2322,0a4895b9034c0e66d105d2c93aed5b6b128831f59554e062a4fba0b06234ce9e,text/html,"Fri, 13 Mar 2026 16:30:31 GMT","""912-69b43ba7-9e573f9a33a856a1;;;"""
random/biographies/Michelson.png,asset,https://www.randomservices.org/random/biographies/Michelson.png,35705,de9a11aa8b0568b2270479a440104a4aacd3168db4a9096ebc9c652372bf27de,image/png,"Fri, 13 Mar 2026 16:30:32 GMT","""8b79-69b43ba8-7de0d5d127db9015;;;"""
random/biographies/Neyman.html,ancillary,https://www.randomservices.org/random/biographies/Neyman.html,1994,2407fa4c0111523bfa23463b84aa0f9c8f88210275fec8d70f0c6b09da743c10,text/html,"Fri, 13 Mar 2026 16:30:31 GMT","""7ca-69b43ba7-7fe93f5cf1675f0a;;;"""
random/biographies/Neyman.png,asset,https://www.randomservices.org/random/biographies/Neyman.png,7341,fb2332fd2e95b9eba2e19b54a954c283921296c528afab210fcab4542091a3bb,image/png,"Fri, 13 Mar 2026 16:30:31 GMT","""1cad-69b43ba7-239502d791fed45e;;;"""
random/biographies/Pareto.html,ancillary,https://www.randomservices.org/random/biographies/Pareto.html,2465,ff9e4017db5ed090b9305e7dbae768f307e2738576c8c2f2ee93ed58cf3468e5,text/html,"Fri, 13 Mar 2026 16:30:31 GMT","""9a1-69b43ba7-ed1c981ec62a0eec;;;"""
random/biographies/Pareto.png,asset,https://www.randomservices.org/random/biographies/Pareto.png,49512,7802f80dcec871edaaef0e85b4065ba7ae93a4f65f9537e43b531319dd4416ed,image/png,"Fri, 13 Mar 2026 16:30:30 GMT","""c168-69b43ba6-87cb451dcbdb6d0b;;;"""
random/biographies/Pearson.png,asset,https://www.randomservices.org/random/biographies/Pearson.png,16382,3739c5a573440b46a4bbe94b7b99777ed3245ff5c4298f7a688214e22b7549cf,image/png,"Fri, 13 Mar 2026 16:30:32 GMT","""3ffe-69b43ba8-184eafe84c59a5c;;;"""
random/biographies/PearsonE.html,ancillary,https://www.randomservices.org/random/biographies/PearsonE.html,2267,5a3bc369a7a71dab409fd3e8c52ac68ba0ab50e86b14778d8cd2c9198c2de468,text/html,"Fri, 13 Mar 2026 16:30:32 GMT","""8db-69b43ba8-ad95fef7b9d0f01;;;"""
random/biographies/PearsonK.html,ancillary,https://www.randomservices.org/random/biographies/PearsonK.html,2951,c04e5dcb807df5a6879ef739ca5058c84b3e6d2b0fbb1116a655b9a454253db8,text/html,"Fri, 13 Mar 2026 16:30:28 GMT","""b87-69b43ba4-1a896e477d97c6a;;;"""
random/biographies/Poisson.html,ancillary,https://www.randomservices.org/random/biographies/Poisson.html,2291,2eb9e1652db84720243c49f333f52bfe09434dd74564d1805c4e63a81d71f33e,text/html,"Fri, 13 Mar 2026 16:30:31 GMT","""8f3-69b43ba7-4d7a8ea28e8a8e88;;;"""
random/biographies/Poisson.png,asset,https://www.randomservices.org/random/biographies/Poisson.png,20084,c9845889b721d7ff2c6f3a93c258831f7efb6aa777d2587edec6678167be959d,image/png,"Fri, 13 Mar 2026 16:30:31 GMT","""4e74-69b43ba7-9689519a917c35b4;;;"""
random/biographies/Polya.html,ancillary,https://www.randomservices.org/random/biographies/Polya.html,2292,086e52c267f383702a9d00c8730ec012bce8e6e365602b1aac0c136244b47067,text/html,"Fri, 13 Mar 2026 16:30:29 GMT","""8f4-69b43ba5-3f47c84a199ccb50;;;"""
random/biographies/Polya.png,asset,https://www.randomservices.org/random/biographies/Polya.png,52397,26c7b7592f43030570be75e9f9dac8a08469c20c683435d0721f2fa812b7bafd,image/png,"Fri, 13 Mar 2026 16:30:30 GMT","""ccad-69b43ba6-d94f74c56658a1c3;;;"""
random/biographies/Rao.html,ancillary,https://www.randomservices.org/random/biographies/Rao.html,1654,5555e6fbb9caa47b86e2328bfcd5330809b180b347c09c52547cebc1f17b73ab,text/html,"Fri, 13 Mar 2026 16:30:31 GMT","""676-69b43ba7-f3dd0d14d2fa8253;;;"""
random/biographies/Salk.html,ancillary,https://www.randomservices.org/random/biographies/Salk.html,2378,6b4a60e0366340bb98368b92d6cfdc79eeff601dd0eff2cf7efef7f97a231777,text/html,"Fri, 13 Mar 2026 16:30:29 GMT","""94a-69b43ba5-4cc6b5089327d672;;;"""
random/biographies/Salk.png,asset,https://www.randomservices.org/random/biographies/Salk.png,25322,12963dd3b3de3a6a8b54aef53d5f9676c502ae696caff40b533ac7913f4cc3f1,image/png,"Fri, 13 Mar 2026 16:30:29 GMT","""62ea-69b43ba5-10d398b43069bdf8;;;"""
random/biographies/Scheffe.html,ancillary,https://www.randomservices.org/random/biographies/Scheffe.html,2044,ccb4909f2307ba60e70096be5cc8b5355a392ca253621da0879e8d3bf9ee8119,text/html,"Fri, 13 Mar 2026 16:30:31 GMT","""7fc-69b43ba7-8bee43e201e551b4;;;"""
random/biographies/Scheffe.png,asset,https://www.randomservices.org/random/biographies/Scheffe.png,8623,685a0c3dc8f9addae9f3a16aaf89718a3e5f4a98cbbae174de06ba9feec0e4be,image/png,"Fri, 13 Mar 2026 16:30:31 GMT","""21af-69b43ba7-e8ae94c938717909;;;"""
random/biographies/Short.html,ancillary,https://www.randomservices.org/random/biographies/Short.html,1277,657a1c2e8145d9ea842c1c73abeb936c0eaa9e1181c13f87363e87b91c9abbab,text/html,"Fri, 13 Mar 2026 16:30:28 GMT","""4fd-69b43ba4-889763d4509964dc;;;"""
random/biographies/Snow.html,ancillary,https://www.randomservices.org/random/biographies/Snow.html,2396,6fe3c5ce8f2990d7d5f11eb614c1768b3cb4c92391ac52e33bc29938cc87e6c0,text/html,"Fri, 13 Mar 2026 16:30:30 GMT","""95c-69b43ba6-cd08a8eec004ccb5;;;"""
random/biographies/Snow.png,asset,https://www.randomservices.org/random/biographies/Snow.png,21150,166b36d49341c69ef1e42683e18ae858a1d533ebc582c10958e026781f1655e2,image/png,"Fri, 13 Mar 2026 16:30:32 GMT","""529e-69b43ba8-3647767ac221fbd6;;;"""
random/biographies/Taylor.html,ancillary,https://www.randomservices.org/random/biographies/Taylor.html,2391,e44dc86eb116ea2c152a243ba1c66f1a3a566103613ff4d4c90ae5b25d4ff1b6,text/html,"Fri, 13 Mar 2026 16:30:31 GMT","""957-69b43ba7-ff1de9bd929d12c0;;;"""
random/biographies/Taylor.png,asset,https://www.randomservices.org/random/biographies/Taylor.png,16412,a02c1bfceae03feb1141c7a5c041f241ddfa75bb221b6324aac79390d2d56cb9,image/png,"Fri, 13 Mar 2026 16:30:30 GMT","""401c-69b43ba6-ab98eebff273f80;;;"""
random/biographies/Tukey.html,ancillary,https://www.randomservices.org/random/biographies/Tukey.html,1940,218b38ed82b1eecf315cca4618d095bdbb4216b06d3ced0a920fcb9e29665202,text/html,"Fri, 13 Mar 2026 16:30:29 GMT","""794-69b43ba5-e35327383d215888;;;"""
random/biographies/Tukey.png,asset,https://www.randomservices.org/random/biographies/Tukey.png,6461,06003cb3ad66017d3d3f07c70e49d877ee6ca63c04a64dac39c815a312e48422,image/png,"Fri, 13 Mar 2026 16:30:31 GMT","""193d-69b43ba7-ef973688fac45444;;;"""
random/biographies/Wald.html,ancillary,https://www.randomservices.org/random/biographies/Wald.html,2048,aea490f9227551d029fe0bb83090cddd21ad1ef255a7ea7b69bda43034e9d087,text/html,"Fri, 13 Mar 2026 16:30:32 GMT","""800-69b43ba8-a721038f2fe11374;;;"""
random/biographies/Wald.png,asset,https://www.randomservices.org/random/biographies/Wald.png,20992,442385f24c7150e6912a88493dad9e22dd5321b153afb1d26c32cee58dad25eb,image/png,"Fri, 13 Mar 2026 16:30:30 GMT","""5200-69b43ba6-15026b0f28618c87;;;"""
random/biographies/index.html,ancillary,https://www.randomservices.org/random/biographies/index.html,40638,45fe0433b3b9b6c451582515e07fa6538188daf1d5b42aa2ce61ad3990ee5c10,text/html,"Fri, 13 Mar 2026 16:30:31 GMT","""9ebe-69b43ba7-ea518cd9cd06bbb9;;;"""
random/data/Alpha.html,ancillary,https://www.randomservices.org/random/data/Alpha.html,4306,effe4dd346828bad315f8e9c8a9946af5cbe333a3ac02fdf92703d87b2396a77,text/html,"Fri, 13 Mar 2026 16:33:44 GMT","""10d2-69b43c68-9c93b48403a1ea82;;;"""
random/data/Alpha.png,asset,https://www.randomservices.org/random/data/Alpha.png,93312,a1f1b08eacc2e55f8beb22db03e075fc8c5b3cc8d671b7a873abe4c23fb3477f,image/png,"Fri, 13 Mar 2026 16:33:43 GMT","""16c80-69b43c67-7b15dcfdace04b58;;;"""
random/data/Alpha.tsv,asset,https://www.randomservices.org/random/data/Alpha.tsv,118,928af769ab19e7c05627ac563025ff9f98f78954c6ea632c2efac9823ee0a434,text/tab-separated-values,"Fri, 13 Mar 2026 16:33:44 GMT","""76-69b43c68-6a3aa6b396581bc7;;;"""
random/data/Berkeley.html,ancillary,https://www.randomservices.org/random/data/Berkeley.html,3858,dee7a4a61a98bc6eb9942c6abf2dec581b3791bd1e99f49c30b395fd3d0398c1,text/html,"Fri, 13 Mar 2026 16:33:43 GMT","""f12-69b43c67-a206bd00154d05d0;;;"""
random/data/Berkeley.png,asset,https://www.randomservices.org/random/data/Berkeley.png,52572,aceb352bc84a83eb0b94525a30884f6fe4ad24c8aa84f61482f8cb562e796d28,image/png,"Fri, 13 Mar 2026 16:33:44 GMT","""cd5c-69b43c68-7de6ea14fee452f5;;;"""
random/data/Berkeley.tsv,asset,https://www.randomservices.org/random/data/Berkeley.tsv,144,67e76732b84efaedab2866c051046967a0c755f4f8b4bac3ba75c28fc97cdb10,text/tab-separated-values,"Fri, 13 Mar 2026 16:33:43 GMT","""90-69b43c67-99b2f57c5048502b;;;"""
random/data/Buffon.html,ancillary,https://www.randomservices.org/random/data/Buffon.html,7514,dac95c99d8852fd8948a33c3699e0e014ec807b69e3b5ad28c0c0e7bb826966c,text/html,"Fri, 13 Mar 2026 16:33:43 GMT","""1d5a-69b43c67-f85f547078a9d421;;;"""
random/data/Buffon.png,asset,https://www.randomservices.org/random/data/Buffon.png,77811,d83a5dffb7221ebb7f7390e38b9fa7e0a907bafa0dfb2f284a90f026cbd19888,image/png,"Fri, 13 Mar 2026 16:33:43 GMT","""12ff3-69b43c67-29bec8cde868947;;;"""
random/data/Buffon.tsv,asset,https://www.randomservices.org/random/data/Buffon.tsv,635,79ec44e1657f71136c2bf949d92b1751fc8d954c32d13bbc87517ae4293ff45d,text/tab-separated-values,"Fri, 13 Mar 2026 16:33:44 GMT","""27b-69b43c68-7741b40fc18695ef;;;"""
random/data/Cavendish.html,ancillary,https://www.randomservices.org/random/data/Cavendish.html,3617,e3b401c7c45f5e17de1fae3d9a7a3a6df4c3e11d52b81c7c103489875247d494,text/html,"Fri, 13 Mar 2026 16:33:43 GMT","""e21-69b43c67-46d6f579bbcc14d4;;;"""
random/data/Cavendish.png,asset,https://www.randomservices.org/random/data/Cavendish.png,11791,8d8f6f4223d61100777b4942ba06393c00de2b3573176f78d7e6be7999ca4841,image/png,"Fri, 13 Mar 2026 16:33:43 GMT","""2e0f-69b43c67-f3fb81a8b5f52f78;;;"""
random/data/Cavendish.tsv,asset,https://www.randomservices.org/random/data/Cavendish.tsv,272,e23e4c7f2b77bb9055a5ca08038b2da81ca07950f8e8163013f5e51eb3190969,text/tab-separated-values,"Fri, 13 Mar 2026 16:33:44 GMT","""110-69b43c68-e03b782331822573;;;"""
random/data/Challenger.html,ancillary,https://www.randomservices.org/random/data/Challenger.html,5709,ab1f0f2813773354ab13caa1f61553d827ef93d7c9644875fa50d04295528acb,text/html,"Fri, 13 Mar 2026 16:33:44 GMT","""164d-69b43c68-15f384a62e06bc50;;;"""
random/data/Challenger.png,asset,https://www.randomservices.org/random/data/Challenger.png,56645,5a8bbf466159d96680e4631242d3d9ffe9c0088ff0465ec34f457bc4aeaad059,image/png,"Fri, 13 Mar 2026 16:33:44 GMT","""dd45-69b43c68-75af3186bb9381d6;;;"""
random/data/Challenger1.tsv,asset,https://www.randomservices.org/random/data/Challenger1.tsv,215,6ee564421033fd2feb67ba09e853144872f2294ff7f6b62f7401411ea4aaa2bc,text/tab-separated-values,"Fri, 13 Mar 2026 16:33:43 GMT","""d7-69b43c67-3fc925c9eec769d1;;;"""
random/data/Challenger2.tsv,asset,https://www.randomservices.org/random/data/Challenger2.tsv,127,72875293952dd3ab0eb2c0cd4d4de0b16bd0acb9f6b4d0b38ee6e2941e955c35,text/tab-separated-values,"Fri, 13 Mar 2026 16:33:43 GMT","""7f-69b43c67-9d66db7fce5de7c9;;;"""
random/data/Cicada.html,ancillary,https://www.randomservices.org/random/data/Cicada.html,14562,e27f6c79618db5e5aebc0b38cc72956f518c324509ffdaffad0c44893708fc7f,text/html,"Fri, 13 Mar 2026 16:33:44 GMT","""38e2-69b43c68-fd5db4a50e2f7bb0;;;"""
random/data/Cicada.png,asset,https://www.randomservices.org/random/data/Cicada.png,59554,ece80c18a973a7236e4dfbf7766e27553eb1baf3031741fd96c9088e389c42a0,image/png,"Fri, 13 Mar 2026 16:33:43 GMT","""e8a2-69b43c67-3729764dc797a673;;;"""
random/data/Cicada.tsv,asset,https://www.randomservices.org/random/data/Cicada.tsv,1995,409bbba31c1ded4098f5dd9e187cad2b015a535eb0bf48f0e0de3c60adf3e334,text/tab-separated-values,"Fri, 13 Mar 2026 16:33:43 GMT","""7cb-69b43c67-18116411f945ddc5;;;"""
random/data/Draft.html,ancillary,https://www.randomservices.org/random/data/Draft.html,48869,a160711e0a9bc68c4fdbf500f3a78e4c4fa46f94fa9097a1c17dd5b0084088d5,text/html,"Fri, 13 Mar 2026 16:33:44 GMT","""bee5-69b43c68-d41ec76c9e7979c7;;;"""
random/data/Draft.png,asset,https://www.randomservices.org/random/data/Draft.png,49785,f6e8aad05a4d6f2689b323bdf26fec2aef5cd494aca64ead6d6884a57b705ebc,image/png,"Fri, 13 Mar 2026 16:33:43 GMT","""c279-69b43c67-864a7749430c84d2;;;"""
random/data/Draft.tsv,asset,https://www.randomservices.org/random/data/Draft.tsv,7629,96eb02a1b7f66dd188345cc019350a4a141d0caadb10db545843b2d95e58a2fe,text/tab-separated-values,"Fri, 13 Mar 2026 16:33:44 GMT","""1dcd-69b43c68-2aaebb167ffaf949;;;"""
random/data/Iris.html,ancillary,https://www.randomservices.org/random/data/Iris.html,17769,638218ee30e92b495e484de458ebd2209947f39a691afa591b4edfa7e2b66a51,text/html,"Fri, 13 Mar 2026 16:33:44 GMT","""4569-69b43c68-18eaab77b864df7d;;;"""
random/data/Iris.png,asset,https://www.randomservices.org/random/data/Iris.png,80189,e1cc6e7f06a2a27df74c04aab700f9ebd222548ffe23453fe74b844a54940607,image/png,"Fri, 13 Mar 2026 16:33:44 GMT","""1393d-69b43c68-2d59a707c0c551c;;;"""
random/data/Iris.tsv,asset,https://www.randomservices.org/random/data/Iris.tsv,2218,83a3803aef8f8276f37d5c318d8c53e9a33240f54b70df1bd7ecbe82423b2735,text/tab-separated-values,"Fri, 13 Mar 2026 16:33:44 GMT","""8aa-69b43c68-56553d98f129c1e1;;;"""
random/data/LiteraryDigest.html,ancillary,https://www.randomservices.org/random/data/LiteraryDigest.html,9239,c30b2426117135de358a1689a734a6830ecd798b0c923cc056ce8a52bdaa46a9,text/html,"Fri, 13 Mar 2026 16:33:44 GMT","""2417-69b43c68-a07dc6de0ad424e8;;;"""
random/data/LiteraryDigest.png,asset,https://www.randomservices.org/random/data/LiteraryDigest.png,144547,d0d383cbd61b262134a06bdad650656136b4735edb0f92623ab03f9bcbde6ded,image/png,"Fri, 13 Mar 2026 16:33:44 GMT","""234a3-69b43c68-dbfe91b72bf58703;;;"""
random/data/LiteraryDigest.tsv,asset,https://www.randomservices.org/random/data/LiteraryDigest.tsv,882,496764f165d04ba5aabdc2057b5d126012118b84c3ff2ac0cc114697d45a10fb,text/tab-separated-values,"Fri, 13 Mar 2026 16:33:44 GMT","""372-69b43c68-ec01e01b98f0a759;;;"""
random/data/MM.html,ancillary,https://www.randomservices.org/random/data/MM.html,5983,376ee256eab3fd3637f36e1bd679810d06aade37077c386e6874ec758d0a98dc,text/html,"Fri, 13 Mar 2026 16:33:44 GMT","""175f-69b43c68-d470bcc22784d82d;;;"""
random/data/MM.png,asset,https://www.randomservices.org/random/data/MM.png,44124,819a545e217eedbbb0ed2704fe4d9e263bf576d4b7c43f5a0a43fbbabef8a849,image/png,"Fri, 13 Mar 2026 16:33:44 GMT","""ac5c-69b43c68-32b9da46889bc44a;;;"""
random/data/MM.tsv,asset,https://www.randomservices.org/random/data/MM.tsv,683,015acb5f251f2a747395d33f5d8575f7ef673561c3d0cc261875323c51e2ac45,text/tab-separated-values,"Fri, 13 Mar 2026 16:33:44 GMT","""2ab-69b43c68-52d12864f285b77a;;;"""
random/data/Michelson.html,ancillary,https://www.randomservices.org/random/data/Michelson.html,7763,4420c7f66f34544bf4ef22dbb4d74ec6b4c3aab173b022441654354e6f617b02,text/html,"Fri, 13 Mar 2026 16:33:44 GMT","""1e53-69b43c68-c94e82fc4c71e2e0;;;"""
random/data/Michelson.png,asset,https://www.randomservices.org/random/data/Michelson.png,76098,c1bddf63d08b2a4794e67052490af8d0e6d8329d6c05628f47eeee2a8b7c4da6,image/png,"Fri, 13 Mar 2026 16:33:44 GMT","""12942-69b43c68-acad9e5c83c6bbf3;;;"""
random/data/Michelson.tsv,asset,https://www.randomservices.org/random/data/Michelson.tsv,514,38a8bc90752822503966f99bebcb29caf009ad0cff75e35f9c5448f99cd4e1bb,text/tab-separated-values,"Fri, 13 Mar 2026 16:33:43 GMT","""202-69b43c67-a40eaeb2a2096d57;;;"""
random/data/Pearson.html,ancillary,https://www.randomservices.org/random/data/Pearson.html,63249,688b2f3b23bc6fe24fb46e1ff64c8bf34a55889eca4954f3afd98e48f2532831,text/html,"Fri, 13 Mar 2026 16:33:44 GMT","""f711-69b43c68-d7306d62ebfbf2b8;;;"""
random/data/Pearson.tsv,asset,https://www.randomservices.org/random/data/Pearson.tsv,10791,4dc7aafab4edd3d5ccf6cf86a88fd606c1d79bdd0c6533be08c219de1e68050d,text/tab-separated-values,"Fri, 13 Mar 2026 16:33:44 GMT","""2a27-69b43c68-1a02cbf5e6105050;;;"""
random/data/Polio.html,ancillary,https://www.randomservices.org/random/data/Polio.html,7800,a13d11ff7ec493c016f7c8bf8ca6533198ebfd4ed62a895ee1096f781f9c5fb5,text/html,"Fri, 13 Mar 2026 16:33:44 GMT","""1e78-69b43c68-4c33d3e7a8f0064;;;"""
random/data/Polio.tsv,asset,https://www.randomservices.org/random/data/Polio.tsv,310,c231cd391a59cb4ec8c1ea90d1a439ca79c292575812a7250ad7683ee2d2bd26,text/tab-separated-values,"Fri, 13 Mar 2026 16:33:44 GMT","""136-69b43c68-636e97b5579c5814;;;"""
random/data/SAT.html,ancillary,https://www.randomservices.org/random/data/SAT.html,12350,c9d8a389556d95bdb05d6dc6a0cd092ece77b7fbebad85acc079fdc99d0aa684,text/html,"Fri, 13 Mar 2026 16:33:44 GMT","""303e-69b43c68-55a3e0a35fdff789;;;"""
random/data/SAT1.tsv,asset,https://www.randomservices.org/random/data/SAT1.tsv,738,aeb6d648c3fdf780e704d98fb43bf256f3994c7f11bf75871538713ec08a5799,text/tab-separated-values,"Fri, 13 Mar 2026 16:33:44 GMT","""2e2-69b43c68-99f89775d5ca52ac;;;"""
random/data/SAT2.tsv,asset,https://www.randomservices.org/random/data/SAT2.tsv,1065,412a8dcff14efc0fd900f81025dc680568a473495fe42c98bfeab586a05c8f0a,text/tab-separated-values,"Fri, 13 Mar 2026 16:33:43 GMT","""429-69b43c67-91c534bc3d214ce5;;;"""
random/data/Short.html,ancillary,https://www.randomservices.org/random/data/Short.html,4536,ef5b095774f44dacb63d0e4b5847d2e4f10bcf2e35f59e61c7e9ea375fde5995,text/html,"Fri, 13 Mar 2026 16:33:43 GMT","""11b8-69b43c67-34ce150f49ef36e;;;"""
random/data/Short.png,asset,https://www.randomservices.org/random/data/Short.png,2079,24fe0252f538abb66acd3704a65173b485e7385b1983ff884e388ba7d65c9790,image/png,"Fri, 13 Mar 2026 16:33:43 GMT","""81f-69b43c67-5154b637830fb710;;;"""
random/data/Short.tsv,asset,https://www.randomservices.org/random/data/Short.tsv,320,97c6880c26f0394dbc01dd87c8159696380333bf9b581c450056bfd72b12c0de,text/tab-separated-values,"Fri, 13 Mar 2026 16:33:44 GMT","""140-69b43c68-7d0226d6d24043d7;;;"""
random/data/Snow.html,ancillary,https://www.randomservices.org/random/data/Snow.html,47175,a012187a2448a95787bd22ffd4930aaa0aa11516e65299782732b44669e73ae7,text/html,"Fri, 13 Mar 2026 16:33:43 GMT","""b847-69b43c67-c789951927d918bb;;;"""
random/data/Snow.png,asset,https://www.randomservices.org/random/data/Snow.png,63908,093ba51b9b41957fefee652f4e0da24a1ad47cd6a5e99621c97c15bfc41e019a,image/png,"Fri, 13 Mar 2026 16:33:44 GMT","""f9a4-69b43c68-318b64736c624ef3;;;"""
random/data/Snow1.tsv,asset,https://www.randomservices.org/random/data/Snow1.tsv,7646,519ba55decc1570d460bdcb2fde7f7c26589bdb124a5fe84499ed2314c1d2bae,text/tab-separated-values,"Fri, 13 Mar 2026 16:33:44 GMT","""1dde-69b43c68-16ec2358733b1351;;;"""
random/data/Snow2.tsv,asset,https://www.randomservices.org/random/data/Snow2.tsv,149,d0b5dd0b46a60a947bbc538e8de49bcb129e71c678ad2f4a7453d85a412b99c4,text/tab-separated-values,"Fri, 13 Mar 2026 16:33:44 GMT","""95-69b43c68-61a22041a461b08e;;;"""
random/data/index.html,ancillary,https://www.randomservices.org/random/data/index.html,3093,d555a3c85b3a444d5e5a812d3ad9d5af2444ddee8df1e2f73b5a3cbb64abbeb6,text/html,"Fri, 13 Mar 2026 16:33:44 GMT","""c15-69b43c68-a051c3ca4cec615c;;;"""
random/hypothesis/Bernoulli.html,core,https://www.randomservices.org/random/hypothesis/Bernoulli.html,23703,a3691cdf98c1b182bf434ec94479cfea344e1e555c5928ee74555ff09ce0e603,text/html,"Fri, 13 Mar 2026 16:35:51 GMT","""5c97-69b43ce7-a8eefec23a0e4048;;;"""
random/hypothesis/BivariateNormal.html,core,https://www.randomservices.org/random/hypothesis/BivariateNormal.html,26540,4a1e7607fc2ca8d18704b5cf8a9edecb5bc45556399ea6bb9ed4965c9d7669f8,text/html,"Fri, 13 Mar 2026 16:35:51 GMT","""67ac-69b43ce7-d8121295b2cc427e;;;"""
random/hypothesis/ChiSquare.html,core,https://www.randomservices.org/random/hypothesis/ChiSquare.html,39651,379cf5939801c94b251884c0c82f0e6efc7ecce35cec11a645881d7ca9c7a6aa,text/html,"Fri, 13 Mar 2026 16:35:51 GMT","""9ae3-69b43ce7-44c86eea84ed4cc2;;;"""
random/hypothesis/Introduction.html,core,https://www.randomservices.org/random/hypothesis/Introduction.html,20738,fb05a9d71b55ba113e2f71afa052bc059b35f2c5b6946012c19ecbc693faab1a,text/html,"Fri, 13 Mar 2026 16:35:51 GMT","""5102-69b43ce7-a0ff187167ffcbf8;;;"""
random/hypothesis/Likelihood.html,core,https://www.randomservices.org/random/hypothesis/Likelihood.html,21772,60b047835a3f644cd2317c8ab984b8d41ae7669f53c1d32a79705942670b9b04,text/html,"Fri, 13 Mar 2026 16:35:51 GMT","""550c-69b43ce7-1dd538d22750e5c4;;;"""
random/hypothesis/Normal.html,core,https://www.randomservices.org/random/hypothesis/Normal.html,43435,fd7bc50171fc51310f41e9132005b66cdbbd31bf507a70a0246394b05a379ab2,text/html,"Fri, 13 Mar 2026 16:35:51 GMT","""a9ab-69b43ce7-ac87bd7c7a9ca1c2;;;"""
random/hypothesis/index.html,core,https://www.randomservices.org/random/hypothesis/index.html,8129,4965a9bfd13b94d932cdd44268b3322078f1e9fce934173c84e170c6a6d6ed1f,text/html,"Fri, 13 Mar 2026 16:35:51 GMT","""1fc1-69b43ce7-1a0b46800e8e556f;;;"""
random/icons/DieBlue5.svg,asset,https://www.randomservices.org/random/icons/DieBlue5.svg,396,10a43a1d654a084d696913ead5d746d85bd6fec19e5f9e61db0b44a72ad4d27e,image/svg+xml,"Fri, 13 Mar 2026 16:36:27 GMT","""18c-69b43d0b-8e7d5ed98054a28e;;;"""
random/icons/DieGreen5.svg,asset,https://www.randomservices.org/random/icons/DieGreen5.svg,375,a7b7c27d57699c441ffbfd1748ef3feb946418b7e8fd862a5f6e151f0981a374,image/svg+xml,"Fri, 13 Mar 2026 16:36:27 GMT","""177-69b43d0b-c31e2f8893038dfa;;;"""
random/icons/DieRed5.svg,asset,https://www.randomservices.org/random/icons/DieRed5.svg,395,f2c0603e9ebc5e0c971811cdfccb790c6e8bb9742757929024fd078031587358,image/svg+xml,"Fri, 13 Mar 2026 16:36:27 GMT","""18b-69b43d0b-9d941cc9b1dd787a;;;"""
random/icons/Icon.png,asset,https://www.randomservices.org/random/icons/Icon.png,908,b55639f5ae9cb662948cf333126ce96555ad92e3d860d9905f626e055d4a9997,image/png,"Fri, 13 Mar 2026 16:36:27 GMT","""38c-69b43d0b-4a45be57d94030f1;;;"""
random/icons/Icon.svg,asset,https://www.randomservices.org/random/icons/Icon.svg,373,09ccb2c9f9c50cd4d7a1c867fa112534afa56a12ef0f8a96a0d682ec6b8a9d8b,image/svg+xml,"Fri, 13 Mar 2026 16:36:27 GMT","""175-69b43d0b-ef7e72258da55a39;;;"""
random/icons/Minus.svg,asset,https://www.randomservices.org/random/icons/Minus.svg,223,a55a72ce346d0fe73318fecfa994c7fda8766694a448c3b968122df7a916d7fc,image/svg+xml,"Fri, 13 Mar 2026 16:36:27 GMT","""df-69b43d0b-4ed37e25e0370a27;;;"""
random/icons/Plus.svg,asset,https://www.randomservices.org/random/icons/Plus.svg,291,1bd78cdc7997d6237bc809cef5f36e074c551ec3224b226c38735be898bc439a,image/svg+xml,"Fri, 13 Mar 2026 16:36:27 GMT","""123-69b43d0b-847e4398f23a9eee;;;"""
random/icons/Reset.svg,asset,https://www.randomservices.org/random/icons/Reset.svg,297,1aad695720b25d02c03cc76f686e8d58ccbcaf424b19dfc57b58008802583292,image/svg+xml,"Fri, 13 Mar 2026 16:36:27 GMT","""129-69b43d0b-2c4b40bf50b4c2cf;;;"""
random/icons/Run.svg,asset,https://www.randomservices.org/random/icons/Run.svg,177,75d0cdf139f0d01390440c9f655a8183c95d2da709ec67e39e9fc8863192795d,image/svg+xml,"Fri, 13 Mar 2026 16:36:27 GMT","""b1-69b43d0b-fe3105b74b572a76;;;"""
random/icons/Step.svg,asset,https://www.randomservices.org/random/icons/Step.svg,123,2fd15de2c1c6c7344adb513b3f1a47319749c7b3bda3251da0f49aa334bf7c05,image/svg+xml,"Fri, 13 Mar 2026 16:36:27 GMT","""7b-69b43d0b-42fe3ab6784537b8;;;"""
random/icons/Stop.svg,asset,https://www.randomservices.org/random/icons/Stop.svg,131,54bf3c5fd23ccf5dd602750aaf09c42ca6d4b1b10b8333e54bc580580f06686e,image/svg+xml,"Fri, 13 Mar 2026 16:36:27 GMT","""83-69b43d0b-c3a5762ce5721292;;;"""
random/index.html,authority,https://www.randomservices.org/random/index.html,22462,a26f07b700c9de8c7ce83e5a2f38e1e676ed5b085fec8c4a52bb44abefaa8ba8,text/html,"Fri, 13 Mar 2026 16:27:20 GMT","""57be-69b43ae8-897d0fc6cf830c74;;;"""
random/interval/Bayes.html,core,https://www.randomservices.org/random/interval/Bayes.html,23436,f89dfc9ed4b9475b2cd83b467f19cfbfa6164600f14567f4237fdae9076d1cb7,text/html,"Fri, 13 Mar 2026 16:36:52 GMT","""5b8c-69b43d24-c83d793671bf5453;;;"""
random/interval/Bernoulli.html,core,https://www.randomservices.org/random/interval/Bernoulli.html,27886,764f961e4f0db2562a3b1e42a446d3b5b3854cd8dc3468d017ee544f3aa87750,text/html,"Fri, 13 Mar 2026 16:36:52 GMT","""6cee-69b43d24-fafb4bd16ac13817;;;"""
random/interval/BivariateNormal.html,core,https://www.randomservices.org/random/interval/BivariateNormal.html,30167,fde8da8c5d1e7b7d583f9eb47dac719234f1a63072c0333bdb815c117078211a,text/html,"Fri, 13 Mar 2026 16:36:52 GMT","""75d7-69b43d24-1d76791894bab595;;;"""
random/interval/Introduction.html,core,https://www.randomservices.org/random/interval/Introduction.html,24577,e5e6cb402c737c1d63a58ef4509975633f9cfa483f8f0afa8860ff9b6dbb4ee3,text/html,"Fri, 13 Mar 2026 16:36:52 GMT","""6001-69b43d24-2d0aa9294795b905;;;"""
random/interval/Normal.html,core,https://www.randomservices.org/random/interval/Normal.html,40632,21c59dd27f38c17148de5af35d53d94a01c51cd4f230c81d75e91173a9917586,text/html,"Fri, 13 Mar 2026 16:36:52 GMT","""9eb8-69b43d24-eeb3df2afb37f6cb;;;"""
random/interval/PivotVariable.png,asset,https://www.randomservices.org/random/interval/PivotVariable.png,3643,a1fa0a056c0c610c37b69c4f48d929af0433a78d231ae4f12386c466d32bfaea,image/png,"Fri, 13 Mar 2026 16:36:52 GMT","""e3b-69b43d24-3bcab53d1a1f3382;;;"""
random/interval/SetEstimate.png,asset,https://www.randomservices.org/random/interval/SetEstimate.png,2188,a96973b1d6244414477f95fa88ff970af1396bf0c4c1cf7528789e5a64e42e78,image/png,"Fri, 13 Mar 2026 16:36:52 GMT","""88c-69b43d24-e93c8be9fbe9a3fc;;;"""
random/interval/TSet.png,asset,https://www.randomservices.org/random/interval/TSet.png,1843,332014be7aa3660cdcdefc012976f5c80b92ef0b910604bf88004b4c413b4152,image/png,"Fri, 13 Mar 2026 16:36:52 GMT","""733-69b43d24-43fea95702a9c5bf;;;"""
random/interval/TVSet.png,asset,https://www.randomservices.org/random/interval/TVSet.png,1853,830969dcda1b93f3b127379fcc471212b012eb3e5dbd481f776e0fbc3c72aded,image/png,"Fri, 13 Mar 2026 16:36:52 GMT","""73d-69b43d24-70a2f50b4fce338f;;;"""
random/interval/Tails.png,asset,https://www.randomservices.org/random/interval/Tails.png,3966,4da888ffe2928cac94bdac271728a35ef7fc175f7aabf0aab6af39fa713577dc,image/png,"Fri, 13 Mar 2026 16:36:52 GMT","""f7e-69b43d24-4eb0b248e5d1db78;;;"""
random/interval/VSet.png,asset,https://www.randomservices.org/random/interval/VSet.png,2047,0eb563b1cbb250eece305137a4b983af51ec5f23b5530e304f86346d9aca47c4,image/png,"Fri, 13 Mar 2026 16:36:52 GMT","""7ff-69b43d24-82c2a00698ef2617;;;"""
random/interval/ZSet.png,asset,https://www.randomservices.org/random/interval/ZSet.png,2529,6ff8fcce3f40be796c41693e194dd71f641e57819a6802a3c73ed8324965cd49,image/png,"Fri, 13 Mar 2026 16:36:52 GMT","""9e1-69b43d24-68fc778f5f331dbb;;;"""
random/interval/ZVSet.png,asset,https://www.randomservices.org/random/interval/ZVSet.png,2512,0107bb92db950b87f6b7ae74fa6155a29d14e043616e62cf0bc17a0e82acce45,image/png,"Fri, 13 Mar 2026 16:36:52 GMT","""9d0-69b43d24-1bfeaaf33295783e;;;"""
random/interval/index.html,core,https://www.randomservices.org/random/interval/index.html,7789,85fcad0292636fbae0935ebb775a87b9e4dbdf33692b5e2823b353163d168403,text/html,"Fri, 13 Mar 2026 16:36:52 GMT","""1e6d-69b43d24-11524ff08c707bd9;;;"""
random/point/Bayes.html,core,https://www.randomservices.org/random/point/Bayes.html,49645,96904b1fd4ab905bbffa62bd5cc0d965b3c969e543a983124e968718ed25d550,text/html,"Fri, 13 Mar 2026 16:38:20 GMT","""c1ed-69b43d7c-682d2b4d062fae8b;;;"""
random/point/Estimators.html,core,https://www.randomservices.org/random/point/Estimators.html,37864,10914ffca9034209da0111918cfb534d60982bde0bba142a11d61d43114c6e2a,text/html,"Fri, 13 Mar 2026 16:38:20 GMT","""93e8-69b43d7c-68b9cb6f62934717;;;"""
random/point/Likelihood.html,core,https://www.randomservices.org/random/point/Likelihood.html,49551,f8c94e3de84f7a025fd32395169938f37e7fd7958d5a8be9d56b54ed307d6ffd,text/html,"Fri, 13 Mar 2026 16:38:20 GMT","""c18f-69b43d7c-8e8b920da5cfd4d4;;;"""
random/point/Moments.html,core,https://www.randomservices.org/random/point/Moments.html,48492,43755b5bee6179fca8d7c1c964e7c6a9bb1a9de6f3916130100c69e666a3194e,text/html,"Fri, 13 Mar 2026 16:38:19 GMT","""bd6c-69b43d7b-7154b679a1e3a76b;;;"""
random/point/Sufficient.html,core,https://www.randomservices.org/random/point/Sufficient.html,57507,4d7402f2a960ea2b4232e57e4ee5992ac29801b9269f300f17f8e83074d5a0e4,text/html,"Fri, 13 Mar 2026 16:38:20 GMT","""e0a3-69b43d7c-721ef416796205b5;;;"""
random/point/Unbiased.html,core,https://www.randomservices.org/random/point/Unbiased.html,28635,0d9765c5c7b5b8a54b29fc45c3a435d20e2a9200e027609658345087dedcd531,text/html,"Fri, 13 Mar 2026 16:38:20 GMT","""6fdb-69b43d7c-17ad02cbf7952e3c;;;"""
random/point/index.html,core,https://www.randomservices.org/random/point/index.html,8311,b0e3e9e5f55bfd4ebac0047dafff725628d6a0ca6e638d7a2847095b311d637c,text/html,"Fri, 13 Mar 2026 16:38:19 GMT","""2077-69b43d7b-4ecbfb92296ab787;;;"""
random/sample/BoxPlot.png,asset,https://www.randomservices.org/random/sample/BoxPlot.png,790,7bcb3be4ffad0fc64d06cc5bc4fb14122ab3b117f31f0713988b0188fb8062f1,image/png,"Fri, 13 Mar 2026 16:40:05 GMT","""316-69b43de5-89cd1c1e846e74cb;;;"""
random/sample/CLT.html,core,https://www.randomservices.org/random/sample/CLT.html,40239,ee6dc9f8e9feb14f19f96a0206c3289a4aedfc014f5e3dabf79422e1dc29f9e3,text/html,"Fri, 13 Mar 2026 16:40:05 GMT","""9d2f-69b43de5-a9a84ced88dac675;;;"""
random/sample/ContinuousDistribution.png,asset,https://www.randomservices.org/random/sample/ContinuousDistribution.png,1272,273418cb67c56115e2573f47fbd59cbd22aa64cc6768952d6f518edd9d6d3da5,image/png,"Fri, 13 Mar 2026 16:40:05 GMT","""4f8-69b43de5-b1c6ed060e21fa3e;;;"""
random/sample/Covariance.html,core,https://www.randomservices.org/random/sample/Covariance.html,75623,1009a5a6a129ee5592aed6c2b914973ae82bb7e7685c477c4c205dbe47fd7072,text/html,"Fri, 13 Mar 2026 16:40:05 GMT","""12767-69b43de5-c08aee85e50079c7;;;"""
random/sample/DiscreteDistribution.png,asset,https://www.randomservices.org/random/sample/DiscreteDistribution.png,1323,2d9495bbb2a610ea534e31549679dd76375a3c55fb52c057a27f4c4dcdf4a620,image/png,"Fri, 13 Mar 2026 16:40:05 GMT","""52b-69b43de5-157d8d6a8c559c7c;;;"""
random/sample/DotPlot.png,asset,https://www.randomservices.org/random/sample/DotPlot.png,2964,837553335dfca3d70cf094db1850ca31cfbe5a290fc4fc0f7506627baba9153b,image/png,"Fri, 13 Mar 2026 16:40:05 GMT","""b94-69b43de5-d57138b15120fad;;;"""
random/sample/EmpiricalPDF.png,asset,https://www.randomservices.org/random/sample/EmpiricalPDF.png,1526,c866a068848217ecd427afbe710ce62487950369316d6e071164d86fdb917898,image/png,"Fri, 13 Mar 2026 16:40:05 GMT","""5f6-69b43de5-a39fa1c4435ace39;;;"""
random/sample/Histogram.png,asset,https://www.randomservices.org/random/sample/Histogram.png,4239,17bbf2b59e4b0902a84e8ea66f1b40a0343ddff578359ce842c60f109ea047ae,image/png,"Fri, 13 Mar 2026 16:40:05 GMT","""108f-69b43de5-d4cf309af1fd920d;;;"""
random/sample/Introduction.html,core,https://www.randomservices.org/random/sample/Introduction.html,31343,0af72fbf0202413525cae99e696cfa70014a803d6c5ac7a7dcafd1577742414f,text/html,"Fri, 13 Mar 2026 16:40:05 GMT","""7a6f-69b43de5-64d2e034a5c6518a;;;"""
random/sample/LLN.html,core,https://www.randomservices.org/random/sample/LLN.html,30754,8662dfc55683fa40c79a5d453a450730e2ba151716a20eb61a2db307c33f5e85,text/html,"Fri, 13 Mar 2026 16:40:05 GMT","""7822-69b43de5-68cbf969b36fd1e0;;;"""
random/sample/LinearPredictor.png,asset,https://www.randomservices.org/random/sample/LinearPredictor.png,8403,eb0cb55795d2a48852107a6f6c331ec2f87fabdfb226d8d5b16888761d6b8afe,image/png,"Fri, 13 Mar 2026 16:40:05 GMT","""20d3-69b43de5-34b0f589c8f6942a;;;"""
random/sample/Mean.html,core,https://www.randomservices.org/random/sample/Mean.html,42746,e21a3da7773a6f7f925b4cb0c583d5331abb1656fe01ed952c8d42b26f238cab,text/html,"Fri, 13 Mar 2026 16:40:05 GMT","""a6fa-69b43de5-e966185a7363ee57;;;"""
random/sample/Normal.html,core,https://www.randomservices.org/random/sample/Normal.html,35940,d9a62017ae3a8488aedac3eceedb15d8b68243ae60894104ab88564ace25ff79,text/html,"Fri, 13 Mar 2026 16:40:05 GMT","""8c64-69b43de5-8b77ef1cdd3f75fc;;;"""
random/sample/OrderStatistics.html,core,https://www.randomservices.org/random/sample/OrderStatistics.html,63965,19ff485c600d4294e888c1b3d05ff7eb9196449f958d3325fd72b416aca56d63,text/html,"Fri, 13 Mar 2026 16:40:05 GMT","""f9dd-69b43de5-68d2058c0c7f0dab;;;"""
random/sample/SampleLinearPredictor.png,asset,https://www.randomservices.org/random/sample/SampleLinearPredictor.png,6324,e6548fd85a97649ad87a8efff010ef2c07d7e16b70c3c81f717581097fd4052c,image/png,"Fri, 13 Mar 2026 16:40:05 GMT","""18b4-69b43de5-ba4dc6bd6181a531;;;"""
random/sample/SampleRegression.png,asset,https://www.randomservices.org/random/sample/SampleRegression.png,12152,15782d5d41f81e3be7b4539c6a565dc721086720a3e46fc707e124bd539b8671,image/png,"Fri, 13 Mar 2026 16:40:05 GMT","""2f78-69b43de5-9078bf79dc6f0d1a;;;"""
random/sample/SampleRegressionMean.png,asset,https://www.randomservices.org/random/sample/SampleRegressionMean.png,13129,6e0a8943af7ddef57c4b87b8a9b3f80205f6be8dbf951854af2cd5a3b37c2a24,image/png,"Fri, 13 Mar 2026 16:40:05 GMT","""3349-69b43de5-98b4aacc6772d2c3;;;"""
random/sample/ScatterPlot.png,asset,https://www.randomservices.org/random/sample/ScatterPlot.png,11182,d546fefb4e505f5df089bd15fef57fcd032997c8b1f76b2b47d6fbb7c0fde9ca,image/png,"Fri, 13 Mar 2026 16:40:05 GMT","""2bae-69b43de5-8ef9de06607c0fe;;;"""
random/sample/ScatterPlotMeans.png,asset,https://www.randomservices.org/random/sample/ScatterPlotMeans.png,18766,d798b203ee1826ab3a1068c22c8d15a61feab442f369de8456dea0b7a134b468,image/png,"Fri, 13 Mar 2026 16:40:05 GMT","""494e-69b43de5-c2d69aa386e66148;;;"""
random/sample/Variance.html,core,https://www.randomservices.org/random/sample/Variance.html,55878,452e2841007fad173229a9bb069a4acdda8e0d0bc6c1632f7239ef585248b0c6,text/html,"Fri, 13 Mar 2026 16:40:05 GMT","""da46-69b43de5-1d068c60b79c54cf;;;"""
random/sample/index.html,core,https://www.randomservices.org/random/sample/index.html,8952,9f7b9a075c430efbae92192e131152c6728f7827dc3dde987ce871ec9d6ae35c,text/html,"Fri, 13 Mar 2026 16:40:05 GMT","""22f8-69b43de5-568d4ab1862be89f;;;"""
